cut,color,clarity,item,price,carat,x,y,z,noData
Fair,D,I1,mean,7383,1.88,7.52,7.4,4.9,4
Fair,D,I1,min,2491,0.91,6,5.9,4,4
Fair,D,I1,max,15964,3.4,9.42,9.3,6.3,4
Fair,D,I1,sd,5899,1.07,1.42,1.4,1,4
Fair,D,IF,mean,1620,0.38,4.75,4.7,2.9,3
Fair,D,IF,min,1208,0.3,4.47,4.3,2.7,3
Fair,D,IF,max,2211,0.47,5.09,5,3,3
Fair,D,IF,sd,525,0.09,0.32,0.3,0.2,3
Fair,D,SI1,mean,4273,0.91,6.01,6,3.9,58
Fair,D,SI1,min,644,0.4,4.63,4.7,3,58
Fair,D,SI1,max,16386,2.02,7.98,7.9,5.1,58
Fair,D,SI1,sd,3019,0.32,0.67,0.7,0.4,58
Fair,D,SI2,mean,4355,1.02,6.24,6.2,4,56
Fair,D,SI2,min,536,0.3,4.29,4.2,2.8,56
Fair,D,SI2,max,16086,2.07,8.2,8.2,5.2,56
Fair,D,SI2,sd,3260,0.36,0.73,0.7,0.5,56
Fair,D,VS1,mean,2921,0.63,5.37,5.4,3.5,5
Fair,D,VS1,min,563,0.25,4.09,4.1,2.5,5
Fair,D,VS1,max,7083,1,6.77,6.7,4.4,5
Fair,D,VS1,sd,2550,0.29,1,1,0.7,5
Fair,D,VS2,mean,4513,0.84,5.95,5.9,3.7,25
Fair,D,VS2,min,592,0.29,4.14,4.1,2.7,25
Fair,D,VS2,max,15152,1.51,7.17,7.1,4.7,25
Fair,D,VS2,sd,3383,0.29,0.7,0.7,0.5,25
Fair,D,VVS1,mean,4473,0.61,5.32,5.4,3.3,3
Fair,D,VVS1,min,875,0.32,4.38,4.4,2.8,3
Fair,D,VVS1,max,10752,1,6.66,6.6,3.8,3
Fair,D,VVS1,sd,5457,0.35,1.19,1.1,0.5,3
Fair,D,VVS2,mean,3607,0.59,5.26,5.2,3.2,9
Fair,D,VVS2,min,772,0.3,4.2,4.2,2.5,9
Fair,D,VVS2,max,10562,1.01,6.37,6.3,4,9
Fair,D,VVS2,sd,3629,0.28,0.76,0.8,0.6,9
Fair,E,I1,mean,2095,0.97,6.17,6.1,4,9
Fair,E,I1,min,1232,0.7,5.61,5.5,3.5,9
Fair,E,I1,max,3692,1.3,6.79,6.8,4.5,9
Fair,E,I1,sd,824,0.21,0.42,0.4,0.4,9
Fair,E,SI1,mean,3901,0.87,5.94,5.9,3.7,65
Fair,E,SI1,min,579,0.3,4.28,4.2,2.6,65
Fair,E,SI1,max,15330,2,7.71,7.8,5.1,65
Fair,E,SI1,sd,3100,0.35,0.81,0.8,0.5,65
Fair,E,SI2,mean,4172,1.02,6.28,6.2,4,78
Fair,E,SI2,min,818,0.41,4.7,4.7,2.9,78
Fair,E,SI2,max,15540,2.04,8.16,8,5.2,78
Fair,E,SI2,sd,3055,0.37,0.74,0.7,0.5,78
Fair,E,VS1,mean,3308,0.63,5.37,5.3,3.3,14
Fair,E,VS1,min,361,0.25,3.99,4,2.3,14
Fair,E,VS1,max,15584,1.5,7.14,7.1,4.7,14
Fair,E,VS1,sd,4007,0.35,0.9,0.9,0.7,14
Fair,E,VS2,mean,3042,0.69,5.5,5.4,3.5,42
Fair,E,VS2,min,337,0.22,3.87,3.8,2.5,42
Fair,E,VS2,max,12829,1.51,7.06,7.1,4.6,42
Fair,E,VS2,sd,2441,0.29,0.75,0.8,0.5,42
Fair,E,VVS1,mean,4115,0.64,5.44,5.4,3.3,3
Fair,E,VVS1,min,1012,0.34,4.8,4.8,2.6,3
Fair,E,VVS1,max,8529,1.01,6.19,6.1,4.1,3
Fair,E,VVS1,sd,3926,0.34,0.7,0.7,0.7,3
Fair,E,VVS2,mean,3119,0.6,5.33,5.3,3.2,13
Fair,E,VVS2,min,586,0.3,4.14,4.2,2.4,13
Fair,E,VVS2,max,7918,1,6.59,6.6,4.1,13
Fair,E,VVS2,sd,2656,0.27,0.83,0.8,0.5,13
Fair,F,I1,mean,2544,1.02,6.14,6,4,35
Fair,F,I1,min,584,0.34,4.72,4.6,2.6,35
Fair,F,I1,max,7294,2.11,8.3,8.2,5.3,35
Fair,F,I1,sd,2227,0.55,1.08,1.1,0.7,35
Fair,F,IF,mean,2344,0.55,5.35,5.4,3.2,4
Fair,F,IF,min,1166,0.37,4.96,4.9,2.6,4
Fair,F,IF,max,3205,0.71,5.87,5.8,3.4,4
Fair,F,IF,sd,901,0.15,0.43,0.4,0.4,4
Fair,F,SI1,mean,3785,0.86,5.93,5.9,3.7,83
Fair,F,SI1,min,496,0.29,4.27,4.2,2.5,83
Fair,F,SI1,max,16280,2.03,8.32,8.3,5.2,83
Fair,F,SI1,sd,3169,0.37,0.83,0.8,0.5,83
Fair,F,SI2,mean,4520,1.08,6.36,6.3,4,89
Fair,F,SI2,min,719,0.25,4.3,4.2,2.3,89
Fair,F,SI2,max,17405,2.58,8.58,8.5,5.6,89
Fair,F,SI2,sd,3627,0.45,0.84,0.8,0.6,89
Fair,F,VS1,mean,4103,0.8,5.87,5.8,3.6,33
Fair,F,VS1,min,593,0.3,4.25,4.3,2.6,33
Fair,F,VS1,max,17995,1.93,8.17,8,4.8,33
Fair,F,VS1,sd,3273,0.31,0.72,0.7,0.5,33
Fair,F,VS2,mean,3400,0.76,5.67,5.6,3.6,53
Fair,F,VS2,min,662,0.3,4.25,4.2,2.5,53
Fair,F,VS2,max,13853,1.5,7.15,7.1,4.7,53
Fair,F,VS2,sd,2364,0.28,0.67,0.7,0.5,53
Fair,F,VVS1,mean,4680,0.67,5.5,5.5,3.3,5
Fair,F,VVS1,min,740,0.31,4.32,4.4,2.6,5
Fair,F,VVS1,max,12648,1.32,7.31,7.3,4.2,5
Fair,F,VVS1,sd,5396,0.47,1.26,1.2,0.8,5
Fair,F,VVS2,mean,4018,0.63,5.3,5.3,3.3,10
Fair,F,VVS2,min,693,0.3,4.19,4.2,2.5,10
Fair,F,VVS2,max,16364,1.5,7.22,7.2,4.7,10
Fair,F,VVS2,sd,4757,0.37,0.92,0.9,0.6,10
Fair,G,I1,mean,3187,1.23,6.52,6.4,4.2,53
Fair,G,I1,min,701,0.5,4.95,4.9,3.2,53
Fair,G,I1,max,10076,2.52,8.75,8.7,5.6,53
Fair,G,I1,sd,2598,0.64,1.07,1.1,0.7,53
Fair,G,IF,mean,1488,0.46,4.9,5,3,2
Fair,G,IF,min,1127,0.39,4.83,4.9,2.8,2
Fair,G,IF,max,1849,0.52,4.98,5.1,3.3,2
Fair,G,IF,sd,511,0.09,0.11,0.1,0.4,2
Fair,G,SI1,mean,3579,0.91,5.99,5.9,3.9,69
Fair,G,SI1,min,756,0.4,4.68,4.5,2.9,69
Fair,G,SI1,max,18574,2.01,7.82,7.7,5.1,69
Fair,G,SI1,sd,2799,0.32,0.64,0.6,0.4,69
Fair,G,SI2,mean,5665,1.26,6.66,6.6,4.3,80
Fair,G,SI2,min,1035,0.5,4.99,4.9,3.2,80
Fair,G,SI2,max,17027,2.6,8.6,8.6,6.2,80
Fair,G,SI2,sd,4395,0.52,0.9,0.9,0.6,80
Fair,G,VS1,mean,3498,0.77,5.59,5.5,3.5,45
Fair,G,VS1,min,673,0.3,0,0,0,45
Fair,G,VS1,max,12948,1.51,7.35,7.2,4.7,45
Fair,G,VS1,sd,2749,0.29,1.11,1.1,0.7,45
Fair,G,VS2,mean,5384,0.98,6.18,6.1,4,45
Fair,G,VS2,min,722,0.35,4.62,4.6,3,45
Fair,G,VS2,max,18515,2.01,7.72,7.8,5.2,45
Fair,G,VS2,sd,4227,0.4,0.8,0.8,0.5,45
Fair,G,VVS1,mean,2216,0.57,5.28,5.3,3.2,3
Fair,G,VVS1,min,790,0.3,4.36,4.4,2.6,3
Fair,G,VVS1,max,3062,0.71,5.81,5.9,3.5,3
Fair,G,VVS1,sd,1242,0.23,0.8,0.8,0.5,3
Fair,G,VVS2,mean,3099,0.66,5.36,5.3,3.4,17
Fair,G,VVS2,min,369,0.23,3.87,3.9,2.4,17
Fair,G,VVS2,max,13553,1.5,7.18,7.1,4.6,17
Fair,G,VVS2,sd,3181,0.33,0.87,0.9,0.6,17
Fair,H,I1,mean,4213,1.5,6.96,6.9,4.5,52
Fair,H,I1,min,1058,0.7,5.51,5.4,3.4,52
Fair,H,I1,max,17329,4.13,10,9.8,6.4,52
Fair,H,I1,sd,3149,0.73,1.01,1,0.7,52
Fair,H,SI1,mean,5196,1.11,6.41,6.4,4.1,75
Fair,H,SI1,min,659,0.41,4.51,4.6,3,75
Fair,H,SI1,max,18026,2.32,8.8,8.3,5.2,75
Fair,H,SI1,sd,3969,0.44,0.86,0.8,0.5,75
Fair,H,SI2,mean,6022,1.36,6.86,6.8,4.4,91
Fair,H,SI2,min,1059,0.59,5.33,5.2,3.4,91
Fair,H,SI2,max,18308,2.53,8.54,8.5,5.5,91
Fair,H,SI2,sd,4090,0.51,0.85,0.9,0.5,91
Fair,H,VS1,mean,4605,0.98,6.21,6.1,3.9,32
Fair,H,VS1,min,1134,0.5,4.86,4.8,3,32
Fair,H,VS1,max,14199,2,8.28,8.2,5.1,32
Fair,H,VS1,sd,3568,0.41,0.92,0.9,0.5,32
Fair,H,VS2,mean,5111,1.04,6.26,6.2,4,41
Fair,H,VS2,min,704,0.4,4.58,4.6,2.9,41
Fair,H,VS2,max,18565,2.02,8.2,8.1,5.2,41
Fair,H,VS2,sd,4468,0.45,0.89,0.9,0.6,41
Fair,H,VVS1,mean,4115,0.91,6.38,6.4,3.6,1
Fair,H,VVS1,min,4115,0.91,6.38,6.4,3.6,1
Fair,H,VVS1,max,4115,0.91,6.38,6.4,3.6,1
Fair,H,VVS1,sd,-,-,-,-,-,1
Fair,H,VVS2,mean,3482,0.84,5.9,5.8,3.7,11
Fair,H,VVS2,min,922,0.33,4.4,4.3,2.8,11
Fair,H,VVS2,max,7476,1.5,7.19,7.2,4.7,11
Fair,H,VVS2,sd,1884,0.32,0.83,0.8,0.5,11
Fair,I,I1,mean,3501,1.32,6.76,6.7,4.4,34
Fair,I,I1,min,1014,0.7,5.46,5.3,3.7,34
Fair,I,I1,max,10577,3.02,9.11,9,5.9,34
Fair,I,I1,sd,2157,0.5,0.82,0.8,0.5,34
Fair,I,SI1,mean,4575,1.11,6.45,6.4,4.1,30
Fair,I,SI1,min,1697,0.7,5.46,5.5,3.4,30
Fair,I,SI1,max,15282,2.11,7.86,7.8,5.3,30
Fair,I,SI1,sd,3328,0.36,0.66,0.7,0.4,30
Fair,I,SI2,mean,6658,1.51,7.05,7,4.6,45
Fair,I,SI2,min,1625,0.7,5.46,5.5,3.5,45
Fair,I,SI2,max,18242,3.01,8.99,8.9,5.9,45
Fair,I,SI2,sd,4482,0.6,0.93,0.9,0.6,45
Fair,I,VS1,mean,4500,1.01,6.25,6.2,3.9,25
Fair,I,VS1,min,735,0.41,4.62,4.7,3,25
Fair,I,VS1,max,17408,2.05,8.26,8.2,5.3,25
Fair,I,VS1,sd,4318,0.49,1.02,1,0.6,25
Fair,I,VS2,mean,3856,0.95,6.21,6.2,3.9,32
Fair,I,VS2,min,855,0.46,4.82,4.8,2.9,32
Fair,I,VS2,max,15729,2.01,7.79,7.7,5.2,32
Fair,I,VS2,sd,3225,0.35,0.74,0.7,0.5,32
Fair,I,VVS1,mean,4194,0.9,5.98,6.1,3.8,1
Fair,I,VVS1,min,4194,0.9,5.98,6.1,3.8,1
Fair,I,VVS1,max,4194,0.9,5.98,6.1,3.8,1
Fair,I,VVS1,sd,-,-,-,-,-,1
Fair,I,VVS2,mean,2995,0.84,5.92,5.9,3.7,8
Fair,I,VVS2,min,1401,0.52,5.26,5.2,3.2,8
Fair,I,VVS2,max,7303,1.52,7.28,7.2,4.7,8
Fair,I,VVS2,sd,1837,0.3,0.61,0.6,0.4,8
Fair,J,I1,mean,5795,1.99,7.55,7.5,5,23
Fair,J,I1,min,1066,0.7,5.59,5.5,3.6,23
Fair,J,I1,max,18531,5.01,10.74,10.5,7,23
Fair,J,I1,sd,4594,1.11,1.35,1.4,0.9,23
Fair,J,SI1,mean,4554,1.18,6.6,6.5,4.1,28
Fair,J,SI1,min,497,0.34,4.38,4.4,2.8,28
Fair,J,SI1,max,12811,2.29,8.79,8.7,5.2,28
Fair,J,SI1,sd,3108,0.45,0.89,0.9,0.5,28
Fair,J,SI2,mean,5132,1.32,6.77,6.7,4.3,27
Fair,J,SI2,min,1362,0.71,5.51,5.4,3.6,27
Fair,J,SI2,max,15824,2.52,8.51,8.4,5.6,27
Fair,J,SI2,sd,4210,0.53,0.84,0.8,0.6,27
Fair,J,VS1,mean,5906,1.23,6.63,6.6,4.2,16
Fair,J,VS1,min,949,0.5,4.89,4.8,3.2,16
Fair,J,VS1,max,14750,2.06,8.09,8,5.2,16
Fair,J,VS1,sd,4815,0.53,0.98,1,0.6,16
Fair,J,VS2,mean,4068,1.03,6.24,6.2,4,23
Fair,J,VS2,min,416,0.3,4.24,4.2,2.7,23
Fair,J,VS2,max,13744,2.29,8.8,8.6,5.1,23
Fair,J,VS2,sd,3895,0.51,1.04,1,0.6,23
Fair,J,VVS1,mean,1691,0.7,5.56,5.4,3.7,1
Fair,J,VVS1,min,1691,0.7,5.56,5.4,3.7,1
Fair,J,VVS1,max,1691,0.7,5.56,5.4,3.7,1
Fair,J,VVS1,sd,-,-,-,-,-,1
Fair,J,VVS2,mean,2998,1.01,6.29,6.2,4.1,1
Fair,J,VVS2,min,2998,1.01,6.29,6.2,4.1,1
Fair,J,VVS2,max,2998,1.01,6.29,6.2,4.1,1
Fair,J,VVS2,sd,-,-,-,-,-,1
Good,D,I1,mean,3491,1.04,6.3,6.3,3.8,8
Good,D,I1,min,361,0.32,4.33,4.3,2.8,8
Good,D,I1,max,6088,1.51,7.53,7.5,4.3,8
Good,D,I1,sd,2199,0.47,1.26,1.3,0.7,8
Good,D,IF,mean,10030,0.79,5.8,5.9,3.6,9
Good,D,IF,min,1252,0.32,4.55,4.7,2.7,9
Good,D,IF,max,17499,1.14,6.75,6.8,4.1,9
Good,D,IF,sd,7144,0.32,0.82,0.8,0.6,9
Good,D,SI1,mean,3021,0.7,5.5,5.5,3.5,237
Good,D,SI1,min,502,0.3,4.22,4.2,2.7,237
Good,D,SI1,max,18468,2.04,8.15,8.1,5,237
Good,D,SI1,sd,2751,0.33,0.88,0.9,0.5,237
Good,D,SI2,mean,3595,0.86,5.92,5.9,3.7,223
Good,D,SI2,min,414,0.3,4.21,4.2,2.6,223
Good,D,SI2,max,17094,2.03,8.12,8.1,5.1,223
Good,D,SI2,sd,3072,0.39,0.94,0.9,0.6,223
Good,D,VS1,mean,3557,0.66,5.45,5.5,3.4,43
Good,D,VS1,min,399,0.25,4.15,4.2,2.4,43
Good,D,VS1,max,17111,1.51,7.28,7.2,4.6,43
Good,D,VS1,sd,3317,0.3,0.81,0.8,0.5,43
Good,D,VS2,mean,3588,0.7,5.52,5.5,3.5,104
Good,D,VS2,min,403,0.26,3.99,4,2.6,104
Good,D,VS2,max,17760,2,7.88,7.8,5,104
Good,D,VS2,sd,3361,0.33,0.83,0.8,0.5,104
Good,D,VVS1,mean,2586,0.49,4.92,5,3,13
Good,D,VVS1,min,425,0.23,3.83,3.9,2.4,13
Good,D,VVS1,max,8239,0.9,6.02,6.1,3.9,13
Good,D,VVS1,sd,2431,0.25,0.85,0.9,0.5,13
Good,D,VVS2,mean,2346,0.48,4.87,4.9,3,25
Good,D,VVS2,min,452,0.23,3.9,3.9,2.4,25
Good,D,VVS2,max,8943,1.01,6.42,6.5,4,25
Good,D,VVS2,sd,2621,0.25,0.78,0.8,0.5,25
Good,E,I1,mean,4398,1.33,6.93,6.9,4.3,23
Good,E,I1,min,1168,0.61,5.37,5.4,3.4,23
Good,E,I1,max,11548,3,9.08,9,5.8,23
Good,E,I1,sd,2504,0.5,0.8,0.8,0.6,23
Good,E,IF,mean,1519,0.37,4.53,4.5,2.8,9
Good,E,IF,min,512,0.25,3.91,4,2.5,9
Good,E,IF,max,6804,0.9,6.11,6,3.9,9
Good,E,IF,sd,1999,0.2,0.66,0.6,0.4,9
Good,E,SI1,mean,3162,0.72,5.56,5.6,3.5,355
Good,E,SI1,min,373,0.28,4.12,4.2,2.6,355
Good,E,SI1,max,18027,2.01,8.23,8.3,5.1,355
Good,E,SI1,sd,3089,0.36,0.92,0.9,0.6,355
Good,E,SI2,mean,3785,0.88,5.99,6,3.7,202
Good,E,SI2,min,421,0.3,4.27,4.3,2.7,202
Good,E,SI2,max,18236,2.02,8.31,8.2,5,202
Good,E,SI2,sd,3571,0.39,0.88,0.9,0.5,202
Good,E,VS1,mean,3713,0.68,5.49,5.5,3.4,89
Good,E,VS1,min,327,0.23,3.83,3.9,2.3,89
Good,E,VS1,max,17400,1.69,7.51,7.6,4.8,89
Good,E,VS1,sd,3619,0.32,0.84,0.8,0.6,89
Good,E,VS2,mean,3772,0.74,5.67,5.7,3.5,160
Good,E,VS2,min,357,0.23,3.88,3.9,2.4,160
Good,E,VS2,max,15385,1.7,7.58,7.5,4.8,160
Good,E,VS2,sd,3253,0.31,0.8,0.8,0.5,160
Good,E,VVS1,mean,1906,0.42,4.66,4.7,2.9,43
Good,E,VVS1,min,439,0.23,3.87,3.9,2.3,43
Good,E,VVS1,max,10696,1.01,6.36,6.4,4,43
Good,E,VVS1,sd,2652,0.23,0.72,0.7,0.5,43
Good,E,VVS2,mean,3390,0.56,5.06,5.1,3.2,52
Good,E,VVS2,min,465,0.23,3.85,3.9,2.4,52
Good,E,VVS2,max,17449,1.5,7.21,7.4,4.6,52
Good,E,VVS2,sd,4120,0.35,0.99,1,0.6,52
Good,F,I1,mean,2570,0.98,6.16,6.1,3.9,19
Good,F,I1,min,491,0.4,4.64,4.7,3,19
Good,F,I1,max,6686,2.01,7.93,7.9,5.1,19
Good,F,I1,sd,1925,0.45,0.94,1,0.6,19
Good,F,IF,mean,3133,0.53,5.08,5.1,3.1,15
Good,F,IF,min,492,0.24,3.86,3.9,2.5,15
Good,F,IF,max,9867,1.01,6.42,6.4,4,15
Good,F,IF,sd,3485,0.28,0.83,0.8,0.5,15
Good,F,SI1,mean,3261,0.77,5.71,5.7,3.6,273
Good,F,SI1,min,500,0.29,4.19,4.2,2.5,273
Good,F,SI1,max,18376,2,8,8,5,273
Good,F,SI1,sd,3006,0.33,0.82,0.8,0.5,273
Good,F,SI2,mean,4427,1,6.2,6.2,3.9,201
Good,F,SI2,min,394,0.3,0,0,0,201
Good,F,SI2,max,18686,2.67,8.69,8.6,5.5,201
Good,F,SI2,sd,3555,0.4,1.05,1,0.6,201
Good,F,VS1,mean,2788,0.62,5.36,5.4,3.3,132
Good,F,VS1,min,373,0.23,3.86,3.9,2.4,132
Good,F,VS1,max,17330,1.7,7.86,7.8,4.6,132
Good,F,VS1,sd,2875,0.28,0.78,0.8,0.5,132
Good,F,VS2,mean,3791,0.75,5.64,5.7,3.5,184
Good,F,VS2,min,357,0.23,3.93,3.8,2.4,184
Good,F,VS2,max,17597,1.7,7.58,7.6,4.7,184
Good,F,VS2,sd,3222,0.34,0.87,0.9,0.6,184
Good,F,VVS1,mean,2190,0.47,4.79,4.8,3,35
Good,F,VVS1,min,458,0.23,3.9,3.9,2.4,35
Good,F,VVS1,max,11182,1.2,6.74,6.7,4.3,35
Good,F,VVS1,sd,2866,0.27,0.83,0.8,0.5,35
Good,F,VVS2,mean,3192,0.61,5.26,5.3,3.3,50
Good,F,VVS2,min,425,0.23,3.83,3.9,2.4,50
Good,F,VVS2,max,14654,1.51,7.18,7.2,4.6,50
Good,F,VVS2,sd,3109,0.31,0.92,0.9,0.6,50
Good,G,I1,mean,3196,1.17,6.61,6.6,3.9,19
Good,G,I1,min,467,0.41,4.7,4.7,0,19
Good,G,I1,max,7026,2.05,8.46,8.3,5.1,19
Good,G,I1,sd,2002,0.48,1.02,1,1.1,19
Good,G,IF,mean,4060,0.65,5.36,5.4,3.3,22
Good,G,IF,min,895,0.3,4.24,4.2,2.6,22
Good,G,IF,max,15164,1.51,7.54,7.5,4.5,22
Good,G,IF,sd,4759,0.41,1.07,1.1,0.6,22
Good,G,SI1,mean,4129,0.88,5.94,6,3.7,207
Good,G,SI1,min,417,0.3,4.26,4.3,2.7,207
Good,G,SI1,max,18625,2.19,8.26,8.2,5.2,207
Good,G,SI1,sd,3916,0.41,0.92,0.9,0.6,207
Good,G,SI2,mean,4776,1.09,6.38,6.4,4,163
Good,G,SI2,min,394,0.3,4.23,4.2,0,163
Good,G,SI2,max,18788,2.8,8.9,8.8,5.4,163
Good,G,SI2,sd,3899,0.51,1.02,1,0.7,163
Good,G,VS1,mean,4302,0.78,5.68,5.7,3.6,152
Good,G,VS1,min,548,0.3,4.21,4.2,2.6,152
Good,G,VS1,max,17338,1.74,7.83,7.9,4.8,152
Good,G,VS1,sd,3871,0.39,0.99,1,0.6,152
Good,G,VS2,mean,4141,0.82,5.8,5.8,3.6,192
Good,G,VS2,min,394,0.28,4.2,4.2,2.6,192
Good,G,VS2,max,17898,2,7.94,7.9,5.1,192
Good,G,VS2,sd,3336,0.36,0.9,0.9,0.6,192
Good,G,VVS1,mean,2705,0.55,5.1,5.1,3.2,41
Good,G,VVS1,min,395,0.23,4.14,4.2,2.3,41
Good,G,VVS1,max,15420,1.51,7.54,7.5,4.4,41
Good,G,VVS1,sd,3086,0.3,0.87,0.9,0.5,41
Good,G,VVS2,mean,3310,0.63,5.28,5.3,3.3,75
Good,G,VVS2,min,428,0.23,3.94,3.9,2.5,75
Good,G,VVS2,max,13275,1.51,7.28,7.3,4.6,75
Good,G,VVS2,sd,3217,0.34,0.94,0.9,0.6,75
Good,H,I1,mean,3850,1.25,6.79,6.7,4.2,14
Good,H,I1,min,1134,0.7,5.89,5.8,3.3,14
Good,H,I1,max,7959,2.06,8.03,8,5.2,14
Good,H,I1,sd,2156,0.48,0.76,0.8,0.6,14
Good,H,IF,mean,5949,0.94,6.14,6.2,3.8,4
Good,H,IF,min,1440,0.53,5.16,5.3,3.2,4
Good,H,IF,max,13248,1.53,7.25,7.3,4.6,4
Good,H,IF,sd,5377,0.46,0.92,0.9,0.7,4
Good,H,SI1,mean,4179,0.91,5.98,6,3.7,235
Good,H,SI1,min,402,0.3,4.2,4.2,2.7,235
Good,H,SI1,max,18026,2.18,8.57,8.5,5.2,235
Good,H,SI1,sd,3823,0.46,1.06,1.1,0.6,235
Good,H,SI2,mean,5530,1.17,6.54,6.5,4.1,158
Good,H,SI2,min,368,0.3,4.24,4.2,2.7,158
Good,H,SI2,max,18593,3.01,9.44,9.4,5.6,158
Good,H,SI2,sd,4507,0.55,1.08,1.1,0.7,158
Good,H,VS1,mean,3819,0.78,5.66,5.7,3.5,77
Good,H,VS1,min,435,0.3,4.22,4.2,2.6,77
Good,H,VS1,max,18340,2.01,8.23,8.2,4.8,77
Good,H,VS1,sd,3731,0.43,1.1,1.1,0.7,77
Good,H,VS2,mean,4433,0.88,5.89,5.9,3.7,138
Good,H,VS2,min,470,0.3,4.2,4.3,2.7,138
Good,H,VS2,max,18640,2.01,8.29,8.3,5.1,138
Good,H,VS2,sd,4220,0.46,1.07,1.1,0.7,138
Good,H,VVS1,mean,1720,0.47,4.85,4.9,3,31
Good,H,VVS1,min,401,0.25,4.05,4.1,2.5,31
Good,H,VVS1,max,6504,1.08,6.52,6.6,4.1,31
Good,H,VVS1,sd,1753,0.25,0.74,0.7,0.5,31
Good,H,VVS2,mean,2428,0.59,5.18,5.2,3.2,45
Good,H,VVS2,min,440,0.26,4.04,4.1,2.6,45
Good,H,VVS2,max,14146,1.7,7.52,7.6,4.8,45
Good,H,VVS2,sd,2800,0.33,0.92,0.9,0.6,45
Good,I,I1,mean,4175,1.41,7.02,7,4.3,9
Good,I,I1,min,1111,0.7,5.62,5.6,3.6,9
Good,I,I1,max,10863,3,9.38,9.3,5.3,9
Good,I,I1,sd,2933,0.68,1.05,1,0.6,9
Good,I,IF,mean,1749,0.53,5.01,5,3.1,6
Good,I,IF,min,631,0.3,4.21,4.3,2.7,6
Good,I,IF,max,3734,0.9,6.07,6.1,3.9,6
Good,I,IF,sd,1518,0.29,0.84,0.8,0.6,6
Good,I,SI1,mean,4743,1.02,6.14,6.1,3.9,165
Good,I,SI1,min,377,0.3,4.19,4.2,2.7,165
Good,I,SI1,max,18541,2.4,8.87,8.8,5.1,165
Good,I,SI1,sd,4490,0.56,1.24,1.2,0.7,165
Good,I,SI2,mean,6933,1.42,6.99,7,4.3,81
Good,I,SI2,min,351,0.3,4.26,4.3,2.7,81
Good,I,SI2,max,18242,3.01,9.06,9,5.8,81
Good,I,SI2,sd,5049,0.64,1.16,1.1,0.7,81
Good,I,VS1,mean,4597,0.93,5.99,6,3.7,103
Good,I,VS1,min,457,0.3,4.2,4.2,2.7,103
Good,I,VS1,max,17533,2.02,8.13,8.2,5.2,103
Good,I,VS1,sd,4261,0.49,1.18,1.2,0.7,103
Good,I,VS2,mean,5957,1.13,6.46,6.5,4,110
Good,I,VS2,min,435,0.31,4.3,4.3,2.7,110
Good,I,VS2,max,18707,2.16,8.34,8.4,5.2,110
Good,I,VS2,sd,5118,0.53,1.08,1.1,0.7,110
Good,I,VVS1,mean,2651,0.67,5.38,5.4,3.4,22
Good,I,VVS1,min,552,0.3,4.23,4.2,2.7,22
Good,I,VVS1,max,9471,1.51,7.26,7.3,4.6,22
Good,I,VVS1,sd,2570,0.36,0.94,0.9,0.6,22
Good,I,VVS2,mean,2758,0.72,5.58,5.6,3.5,26
Good,I,VVS2,min,579,0.33,4.36,4.4,2.8,26
Good,I,VVS2,max,9909,1.51,7.29,7.3,4.7,26
Good,I,VVS2,sd,2500,0.36,0.88,0.9,0.6,26
Good,J,I1,mean,3794,1.37,6.98,7,4.3,4
Good,J,I1,min,1945,0.91,6.06,6.1,3.8,4
Good,J,I1,max,6521,2,7.97,7.8,5,4
Good,J,I1,sd,2146,0.5,0.82,0.7,0.6,4
Good,J,IF,mean,2738,0.69,5.51,5.5,3.4,6
Good,J,IF,min,827,0.41,4.7,4.7,3,6
Good,J,IF,max,6299,1.21,6.81,6.9,4.2,6
Good,J,IF,sd,2455,0.37,1.02,1,0.5,6
Good,J,SI1,mean,4628,1.13,6.43,6.4,4,88
Good,J,SI1,min,339,0.3,4.23,4.2,2.7,88
Good,J,SI1,max,15287,2.32,8.56,8.5,5.3,88
Good,J,SI1,sd,3852,0.54,1.08,1.1,0.7,88
Good,J,SI2,mean,5306,1.32,6.85,6.9,4.3,53
Good,J,SI2,min,335,0.31,4.34,4.3,2.8,53
Good,J,SI2,max,15231,3,9.32,9.2,5.5,53
Good,J,SI2,sd,3355,0.54,0.97,1,0.6,53
Good,J,VS1,mean,3663,0.88,5.85,5.9,3.7,52
Good,J,VS1,min,394,0.3,4.22,4.2,2.7,52
Good,J,VS1,max,17051,2.27,8.47,8.6,5,52
Good,J,VS1,sd,3862,0.52,1.21,1.2,0.7,52
Good,J,VS2,mean,4803,1.11,6.43,6.4,4,90
Good,J,VS2,min,368,0.3,4.22,4.2,2.7,90
Good,J,VS2,max,18325,2.5,8.63,8.6,5.3,90
Good,J,VS2,sd,3650,0.5,1.05,1.1,0.6,90
Good,J,VVS1,mean,4633,1,6.29,6.3,4,1
Good,J,VVS1,min,4633,1,6.29,6.3,4,1
Good,J,VVS1,max,4633,1,6.29,6.3,4,1
Good,J,VVS1,sd,-,-,-,-,-,1
Good,J,VVS2,mean,4371,0.94,6.03,6,3.7,13
Good,J,VVS2,min,375,0.28,4.27,4.3,2.5,13
Good,J,VVS2,max,15898,2.03,7.88,7.9,5,13
Good,J,VVS2,sd,4481,0.53,1.23,1.2,0.8,13
Ideal,D,I1,mean,3527,0.96,6.07,6,3.7,13
Ideal,D,I1,min,413,0.34,4.47,4.5,2.8,13
Ideal,D,I1,max,13156,2.75,9.04,9,5.5,13
Ideal,D,I1,sd,3610,0.68,1.44,1.4,0.9,13
Ideal,D,IF,mean,6567,0.62,5.37,5.4,3.3,28
Ideal,D,IF,min,893,0.27,4.15,4.1,2.6,28
Ideal,D,IF,max,17590,1.07,6.66,6.7,4.1,28
Ideal,D,IF,sd,5703,0.27,0.78,0.8,0.5,28
Ideal,D,SI1,mean,2490,0.59,5.27,5.3,3.3,738
Ideal,D,SI1,min,452,0.25,4.09,4.1,2.5,738
Ideal,D,SI1,max,16575,1.71,7.76,7.8,4.8,738
Ideal,D,SI1,sd,2625,0.3,0.84,0.8,0.5,738
Ideal,D,SI2,mean,3142,0.75,5.69,5.7,3.5,356
Ideal,D,SI2,min,413,0.3,4.26,4.2,2.6,356
Ideal,D,SI2,max,18693,2.21,8.36,8.5,5.2,356
Ideal,D,SI2,sd,3023,0.39,0.95,1,0.6,356
Ideal,D,VS1,mean,2576,0.53,5.11,5.1,3.2,351
Ideal,D,VS1,min,452,0.24,3.92,4,2.5,351
Ideal,D,VS1,max,17659,1.52,7.4,7.5,4.6,351
Ideal,D,VS1,sd,2801,0.24,0.7,0.7,0.4,351
Ideal,D,VS2,mean,2112,0.5,5,5,3.1,920
Ideal,D,VS2,min,367,0.2,3.81,3.8,2.3,920
Ideal,D,VS2,max,18318,1.61,7.56,7.5,4.7,920
Ideal,D,VS2,sd,2518,0.24,0.69,0.7,0.4,920
Ideal,D,VVS1,mean,2706,0.46,4.88,4.9,3,144
Ideal,D,VVS1,min,586,0.27,4.12,4.1,2.6,144
Ideal,D,VVS1,max,16253,1.3,6.98,7,4.3,144
Ideal,D,VVS1,sd,3114,0.2,0.61,0.6,0.4,144
Ideal,D,VVS2,mean,3619,0.54,5.11,5.1,3.2,284
Ideal,D,VVS2,min,526,0.23,3.92,4,2.5,284
Ideal,D,VVS2,max,16130,1.32,7.16,7.2,4.3,284
Ideal,D,VVS2,sd,4255,0.29,0.84,0.8,0.5,284
Ideal,E,I1,mean,3559,1.04,6.35,6.3,3.9,18
Ideal,E,I1,min,490,0.3,4.39,4.4,2.6,18
Ideal,E,I1,max,9072,2.25,8.52,8.5,5.2,18
Ideal,E,I1,sd,2199,0.47,1.05,1.1,0.7,18
Ideal,E,IF,mean,3259,0.46,4.81,4.8,3,79
Ideal,E,IF,min,815,0.29,4.25,4.3,2.6,79
Ideal,E,IF,max,18700,1.3,7.09,7,4.4,79
Ideal,E,IF,sd,4944,0.29,0.83,0.8,0.5,79
Ideal,E,SI1,mean,2884,0.67,5.51,5.5,3.4,766
Ideal,E,SI1,min,486,0.24,4.01,4,2.5,766
Ideal,E,SI1,max,18193,2.05,8.17,8.1,5.1,766
Ideal,E,SI1,sd,2779,0.31,0.82,0.8,0.5,766
Ideal,E,SI2,mean,3891,0.87,6.02,6,3.7,469
Ideal,E,SI2,min,326,0.23,3.95,4,2.4,469
Ideal,E,SI2,max,18128,2.28,8.49,8.4,5.2,469
Ideal,E,SI2,sd,3166,0.38,0.9,0.9,0.6,469
Ideal,E,VS1,mean,2176,0.5,5.02,5.1,3.1,593
Ideal,E,VS1,min,452,0.23,3.94,4,2.4,593
Ideal,E,VS1,max,18729,1.58,7.44,31.8,5.1,593
Ideal,E,VS1,sd,2583,0.24,0.69,1.3,0.4,593
Ideal,E,VS2,mean,2163,0.52,5.07,5.1,3.1,1136
Ideal,E,VS2,min,367,0.2,3.76,3.7,2.3,1136
Ideal,E,VS2,max,17825,1.63,7.6,7.6,4.7,1136
Ideal,E,VS2,sd,2573,0.25,0.73,0.7,0.4,1136
Ideal,E,VVS1,mean,2206,0.43,4.75,4.8,2.9,335
Ideal,E,VVS1,min,576,0.24,3.99,4,2.4,335
Ideal,E,VVS1,max,16256,1.25,6.83,6.9,4.3,335
Ideal,E,VVS1,sd,3096,0.22,0.64,0.6,0.4,335
Ideal,E,VVS2,mean,2556,0.48,4.92,4.9,3,507
Ideal,E,VVS2,min,526,0.23,3.91,4,2.1,507
Ideal,E,VVS2,max,18188,1.55,7.38,7.4,4.6,507
Ideal,E,VVS2,sd,3318,0.26,0.77,0.8,0.5,507
Ideal,F,I1,mean,3903,1.11,6.58,6.6,4,42
Ideal,F,I1,min,497,0.38,4.61,4.6,2.9,42
Ideal,F,I1,max,10685,2.16,8.4,8.3,5.1,42
Ideal,F,I1,sd,2225,0.38,0.79,0.8,0.5,42
Ideal,F,IF,mean,2154,0.41,4.69,4.7,2.9,268
Ideal,F,IF,min,646,0.24,3.96,4,2.4,268
Ideal,F,IF,max,18435,1.33,7.12,7.2,4.3,268
Ideal,F,IF,sd,3197,0.22,0.67,0.7,0.4,268
Ideal,F,SI1,mean,3710,0.77,5.74,5.8,3.5,608
Ideal,F,SI1,min,430,0.25,4.06,4.1,1.1,608
Ideal,F,SI1,max,18306,1.93,8.1,8.1,4.8,608
Ideal,F,SI1,sd,3617,0.38,0.94,0.9,0.6,608
Ideal,F,SI2,mean,4336,0.93,6.12,6.1,3.8,453
Ideal,F,SI2,min,413,0.29,0,4.4,0,453
Ideal,F,SI2,max,18578,2.45,8.67,8.6,5.4,453
Ideal,F,SI2,sd,4103,0.43,0.95,0.9,0.6,453
Ideal,F,VS1,mean,3504,0.64,5.41,5.4,3.3,616
Ideal,F,VS1,min,419,0.23,3.94,3.9,2.4,616
Ideal,F,VS1,max,18780,1.73,7.73,7.6,4.8,616
Ideal,F,VS1,sd,3732,0.32,0.87,0.9,0.5,616
Ideal,F,VS2,mean,3317,0.63,5.34,5.3,3.3,879
Ideal,F,VS2,min,408,0.23,3.93,4,2.4,879
Ideal,F,VS2,max,18421,1.78,7.85,7.9,4.8,879
Ideal,F,VS2,sd,3942,0.37,0.98,1,0.6,879
Ideal,F,VVS1,mean,2611,0.48,4.9,4.9,3,440
Ideal,F,VVS1,min,505,0.23,3.9,3.9,2.5,440
Ideal,F,VVS1,max,18682,1.42,7.25,7.3,4.4,440
Ideal,F,VVS1,sd,3528,0.26,0.76,0.8,0.5,440
Ideal,F,VVS2,mean,3324,0.58,5.22,5.2,3.2,520
Ideal,F,VVS2,min,511,0.23,3.92,4,2.4,520
Ideal,F,VVS2,max,18614,1.51,7.36,7.4,4.6,520
Ideal,F,VVS2,sd,3658,0.3,0.84,0.8,0.5,520
Ideal,G,I1,mean,4044,1.17,6.74,6.7,4.1,16
Ideal,G,I1,min,1019,0.57,5.46,5.4,3.2,16
Ideal,G,I1,max,6299,1.54,7.43,7.4,4.6,16
Ideal,G,I1,sd,1431,0.25,0.5,0.5,0.3,16
Ideal,G,IF,mean,2206,0.45,4.83,4.8,3,491
Ideal,G,IF,min,536,0.23,3.92,3.9,2.4,491
Ideal,G,IF,max,18806,1.65,7.75,7.6,4.7,491
Ideal,G,IF,sd,3106,0.27,0.75,0.7,0.5,491
Ideal,G,SI1,mean,3441,0.76,5.7,5.7,3.5,660
Ideal,G,SI1,min,363,0.23,3.93,4,2.4,660
Ideal,G,SI1,max,18787,2.27,8.46,8.4,5.2,660
Ideal,G,SI1,sd,3443,0.4,0.98,1,0.6,660
Ideal,G,SI2,mean,4612,0.98,6.19,6.2,3.8,486
Ideal,G,SI2,min,361,0.27,4.14,4.2,2.6,486
Ideal,G,SI2,max,18804,2.54,8.75,8.7,5.5,486
Ideal,G,SI2,sd,4452,0.51,1.09,1.1,0.7,486
Ideal,G,VS1,mean,4117,0.72,5.57,5.6,3.4,953
Ideal,G,VS1,min,384,0.23,3.93,4,2.4,953
Ideal,G,VS1,max,18178,1.76,7.74,7.7,4.8,953
Ideal,G,VS1,sd,4119,0.39,1.01,1,0.6,953
Ideal,G,VS2,mean,4310,0.77,5.69,5.7,3.5,910
Ideal,G,VS2,min,397,0.25,0,0,0,910
Ideal,G,VS2,max,18700,2.09,8.24,8.2,5.1,910
Ideal,G,VS2,sd,4194,0.42,1.08,1.1,0.7,910
Ideal,G,VVS1,mean,2909,0.54,5.07,5.1,3.1,594
Ideal,G,VVS1,min,522,0.23,3.93,4,2.4,594
Ideal,G,VVS1,max,18445,1.7,7.67,7.7,4.7,594
Ideal,G,VVS1,sd,3756,0.33,0.9,0.9,0.5,594
Ideal,G,VVS2,mean,3796,0.65,5.39,5.4,3.3,774
Ideal,G,VVS2,min,498,0.24,3.99,4,2.5,774
Ideal,G,VVS2,max,18768,1.72,7.66,7.7,4.8,774
Ideal,G,VVS2,sd,4142,0.36,0.95,1,0.6,774
Ideal,H,I1,mean,5415,1.48,7.25,7.2,4.5,38
Ideal,H,I1,min,3080,1,6.4,6.4,3.9,38
Ideal,H,I1,max,12587,3.5,9.65,9.6,6,38
Ideal,H,I1,sd,2527,0.53,0.77,0.8,0.5,38
Ideal,H,IF,mean,1983,0.47,4.9,4.9,3,226
Ideal,H,IF,min,468,0.24,3.97,4,2.5,226
Ideal,H,IF,max,16300,1.66,7.62,7.7,4.7,226
Ideal,H,IF,sd,2584,0.27,0.75,0.8,0.5,226
Ideal,H,SI1,mean,4770,0.94,6.1,6.1,3.8,763
Ideal,H,SI1,min,357,0.25,4.05,4.1,2.5,763
Ideal,H,SI1,max,18760,2.51,8.65,8.6,5.4,763
Ideal,H,SI1,sd,4314,0.48,1.1,1.1,0.7,763
Ideal,H,SI2,mean,5589,1.14,6.59,6.6,4.1,450
Ideal,H,SI2,min,362,0.26,4.09,4.1,2.6,450
Ideal,H,SI2,max,18541,2.64,8.88,8.8,5.5,450
Ideal,H,SI2,sd,4342,0.49,0.97,1,0.6,450
Ideal,H,VS1,mean,3613,0.71,5.5,5.5,3.4,467
Ideal,H,VS1,min,423,0.23,3.94,4,1.4,467
Ideal,H,VS1,max,17983,2.01,8.15,8.1,5,467
Ideal,H,VS1,sd,4040,0.44,1.11,1.1,0.7,467
Ideal,H,VS2,mean,4039,0.8,5.73,5.7,3.5,556
Ideal,H,VS2,min,367,0.23,3.96,4,2.5,556
Ideal,H,VS2,max,18659,2.2,8.41,8.4,5.2,556
Ideal,H,VS2,sd,4058,0.47,1.15,1.1,0.7,556
Ideal,H,VVS1,mean,1916,0.49,4.97,5,3.1,326
Ideal,H,VVS1,min,449,0.23,3.98,4,2.4,326
Ideal,H,VVS1,max,14603,1.7,7.63,7.7,4.7,326
Ideal,H,VVS1,sd,2141,0.25,0.72,0.7,0.4,326
Ideal,H,VVS2,mean,2591,0.57,5.13,5.1,3.2,289
Ideal,H,VVS2,min,442,0.24,3.95,4,2.5,289
Ideal,H,VVS2,max,13629,1.65,7.68,7.7,4.8,289
Ideal,H,VVS2,sd,3189,0.36,0.98,1,0.6,289
Ideal,I,I1,mean,4103,1.3,6.93,6.9,4.3,17
Ideal,I,I1,min,2239,0.96,6.3,6.3,3.9,17
Ideal,I,I1,max,12545,3.22,9.49,9.4,5.9,17
Ideal,I,I1,sd,2493,0.54,0.77,0.7,0.5,17
Ideal,I,IF,mean,1503,0.45,4.83,4.9,3,95
Ideal,I,IF,min,587,0.27,4.2,4.2,2.5,95
Ideal,I,IF,max,12725,1.52,7.34,7.4,4.5,95
Ideal,I,IF,sd,2077,0.25,0.66,0.7,0.4,95
Ideal,I,SI1,mean,5179,1.03,6.26,6.3,3.9,504
Ideal,I,SI1,min,382,0.3,4.25,4.2,1.5,504
Ideal,I,SI1,max,18299,2.53,8.76,8.7,5.4,504
Ideal,I,SI1,sd,4702,0.54,1.17,1.2,0.7,504
Ideal,I,SI2,mean,7192,1.38,6.97,7,4.3,274
Ideal,I,SI2,min,348,0.3,4.3,4.3,2.6,274
Ideal,I,SI2,max,18756,2.61,8.87,8.8,5.5,274
Ideal,I,SI2,sd,5121,0.6,1.12,1.1,0.7,274
Ideal,I,VS1,mean,3944,0.81,5.75,5.8,3.6,408
Ideal,I,VS1,min,358,0.24,4,4,2.5,408
Ideal,I,VS1,max,18342,2.2,8.41,8.4,5.2,408
Ideal,I,VS1,sd,4089,0.47,1.16,1.1,0.7,408
Ideal,I,VS2,mean,4663,0.93,6.03,6,3.7,438
Ideal,I,VS2,min,371,0.25,4.02,4.1,2.5,438
Ideal,I,VS2,max,18779,2.5,8.7,8.7,5.4,438
Ideal,I,VS2,sd,4514,0.53,1.2,1.2,0.7,438
Ideal,I,VVS1,mean,2034,0.55,5.14,5.2,3.2,179
Ideal,I,VVS1,min,414,0.23,3.94,3.9,2.5,179
Ideal,I,VVS1,max,12186,1.62,7.54,7.6,4.7,179
Ideal,I,VVS1,sd,2459,0.3,0.82,0.8,0.5,179
Ideal,I,VVS2,mean,2859,0.65,5.38,5.4,3.3,178
Ideal,I,VVS2,min,412,0.24,4.02,4,2.5,178
Ideal,I,VVS2,max,14394,1.85,7.91,7.9,4.9,178
Ideal,I,VVS2,sd,3458,0.4,1,1,0.6,178
Ideal,J,I1,mean,9454,1.99,7.66,7.6,4.9,2
Ideal,J,I1,min,2370,0.97,6.34,6.3,3.9,2
Ideal,J,I1,max,16538,3.01,8.99,8.9,5.9,2
Ideal,J,I1,sd,10018,1.44,1.87,1.9,1.4,2
Ideal,J,IF,mean,2489,0.58,5.11,5.1,3.2,25
Ideal,J,IF,min,489,0.3,4.29,4.3,2.7,25
Ideal,J,IF,max,17986,2.08,8.32,8.2,5,25
Ideal,J,IF,sd,4705,0.49,1.1,1.1,0.7,25
Ideal,J,SI1,mean,5116,1.14,6.54,6.6,4.1,243
Ideal,J,SI1,min,367,0.3,4.27,4.3,2.7,243
Ideal,J,SI1,max,18508,2.56,8.73,8.8,5.4,243
Ideal,J,SI1,sd,3930,0.52,1.05,1,0.7,243
Ideal,J,SI2,mean,6555,1.38,6.98,7,4.3,110
Ideal,J,SI2,min,344,0.31,4.35,4.4,2.7,110
Ideal,J,SI2,max,18369,3.01,9.25,9.2,5.7,110
Ideal,J,SI2,sd,4806,0.62,1.07,1.1,0.7,110
Ideal,J,VS1,mean,4734,0.98,6.11,6.1,3.8,201
Ideal,J,VS1,min,340,0.23,3.93,3.9,2.5,201
Ideal,J,VS1,max,18462,2.59,8.83,8.8,5.4,201
Ideal,J,VS1,sd,4770,0.58,1.28,1.3,0.8,201
Ideal,J,VS2,mean,4867,1.05,6.32,6.3,3.9,232
Ideal,J,VS2,min,384,0.3,4.29,4.3,2.7,232
Ideal,J,VS2,max,18113,2.45,8.72,8.8,5.3,232
Ideal,J,VS2,sd,4372,0.55,1.17,1.2,0.7,232
Ideal,J,VVS1,mean,2000,0.58,5.18,5.2,3.2,29
Ideal,J,VVS1,min,461,0.3,4.31,4.3,2.6,29
Ideal,J,VVS1,max,10357,1.58,7.48,7.5,4.6,29
Ideal,J,VVS1,sd,2704,0.36,0.91,0.9,0.6,29
Ideal,J,VVS2,mean,4122,0.87,5.87,5.9,3.6,54
Ideal,J,VVS2,min,413,0.24,3.96,3.9,2.5,54
Ideal,J,VVS2,max,17214,2.07,8.18,8.2,5.1,54
Ideal,J,VVS2,sd,4544,0.54,1.25,1.2,0.8,54
Premium,D,I1,mean,3819,1.16,6.7,6.7,4.1,12
Premium,D,I1,min,2698,0.92,6.18,6.1,3.9,12
Premium,D,I1,max,6300,1.5,7.37,7.2,4.5,12
Premium,D,I1,sd,879,0.18,0.33,0.3,0.2,12
Premium,D,IF,mean,9056,0.71,5.58,5.6,3.4,10
Premium,D,IF,min,1130,0.3,4.27,4.3,2.6,10
Premium,D,IF,max,18279,1.07,6.67,6.6,4,10
Premium,D,IF,sd,7617,0.36,1.1,1.1,0.7,10
Premium,D,SI1,mean,3236,0.69,5.54,5.5,3.4,556
Premium,D,SI1,min,515,0.3,4.23,4.2,2.6,556
Premium,D,SI1,max,17776,2.05,8.26,8.2,5,556
Premium,D,SI1,sd,3260,0.36,0.95,0.9,0.6,556
Premium,D,SI2,mean,4351,0.92,6.09,6.1,3.7,421
Premium,D,SI2,min,447,0.3,4.28,4.2,2.6,421
Premium,D,SI2,max,18575,2.57,8.99,8.9,5.3,421
Premium,D,SI2,sd,3859,0.46,1.09,1.1,0.7,421
Premium,D,VS1,mean,4178,0.69,5.57,5.5,3.4,131
Premium,D,VS1,min,546,0.26,4.18,4.2,2.5,131
Premium,D,VS1,max,17936,1.55,7.62,7.6,4.6,131
Premium,D,VS1,sd,3984,0.32,0.85,0.8,0.5,131
Premium,D,VS2,mean,2919,0.58,5.24,5.2,3.2,339
Premium,D,VS2,min,367,0.2,3.73,3.7,2.3,339
Premium,D,VS2,max,16921,1.55,7.61,7.6,4.6,339
Premium,D,VS2,sd,3393,0.32,0.89,0.9,0.5,339
Premium,D,VVS1,mean,3771,0.54,4.95,4.9,3,40
Premium,D,VVS1,min,710,0.24,0,0,0,40
Premium,D,VVS1,max,17496,1.31,7.01,7,4.4,40
Premium,D,VVS1,sd,4794,0.29,1.13,1.1,0.7,40
Premium,D,VVS2,mean,3888,0.58,5.25,5.2,3.2,94
Premium,D,VVS2,min,640,0.23,4,4,2.4,94
Premium,D,VVS2,max,17216,1.41,7.28,7.2,4.4,94
Premium,D,VVS2,sd,4297,0.3,0.86,0.9,0.5,94
Premium,E,I1,mean,3199,1.04,6.39,6.3,3.9,30
Premium,E,I1,min,345,0.32,4.38,4.4,2.7,30
Premium,E,I1,max,10453,3.05,9.26,9.2,5.7,30
Premium,E,I1,sd,2033,0.51,1,1,0.6,30
Premium,E,IF,mean,4525,0.58,5.2,5.2,3.2,27
Premium,E,IF,min,967,0.3,4.26,4.3,2.6,27
Premium,E,IF,max,17663,1.34,7.15,7.1,4.4,27
Premium,E,IF,sd,5330,0.35,1.02,1,0.6,27
Premium,E,SI1,mean,3363,0.73,5.64,5.6,3.4,614
Premium,E,SI1,min,326,0.21,3.89,3.8,2.3,614
Premium,E,SI1,max,16957,2.07,8.24,8.2,5,614
Premium,E,SI1,sd,3392,0.37,0.95,0.9,0.6,614
Premium,E,SI2,mean,4490,0.96,6.19,6.2,3.8,519
Premium,E,SI2,min,345,0.2,3.79,3.8,2.3,519
Premium,E,SI2,max,18477,2.71,9.13,9,5.5,519
Premium,E,SI2,sd,4114,0.47,1.05,1,0.6,519
Premium,E,VS1,mean,3722,0.64,5.4,5.4,3.3,292
Premium,E,VS1,min,400,0.23,3.91,3.9,2.4,292
Premium,E,VS1,max,17552,1.59,7.58,7.6,4.6,292
Premium,E,VS1,sd,4310,0.36,0.95,0.9,0.6,292
Premium,E,VS2,mean,3070,0.62,5.34,5.3,3.3,629
Premium,E,VS2,min,367,0.2,3.79,3.8,2.2,629
Premium,E,VS2,max,18342,1.77,7.92,7.8,4.8,629
Premium,E,VS2,sd,3503,0.33,0.9,0.9,0.6,629
Premium,E,VVS1,mean,2700,0.46,4.84,4.8,3,105
Premium,E,VVS1,min,553,0.23,3.99,3.9,2.4,105
Premium,E,VVS1,max,14952,1.26,6.99,7.1,4.2,105
Premium,E,VVS1,sd,3726,0.28,0.85,0.8,0.5,105
Premium,E,VVS2,mean,2941,0.51,5,5,3,121
Premium,E,VVS2,min,576,0.23,3.94,3.9,2.4,121
Premium,E,VVS2,max,17667,1.5,7.49,7.4,4.4,121
Premium,E,VVS2,sd,3680,0.31,0.9,0.9,0.5,121
Premium,F,I1,mean,3555,1.14,6.58,6.5,4,34
Premium,F,I1,min,394,0.31,4.33,4.3,2.7,34
Premium,F,I1,max,9967,3.01,9.24,9.1,5.7,34
Premium,F,I1,sd,2609,0.55,1.05,1.1,0.6,34
Premium,F,IF,mean,3618,0.53,5.03,5,3.1,31
Premium,F,IF,min,576,0.25,4.08,4.1,2.5,31
Premium,F,IF,max,18102,1.51,7.5,7.4,4.4,31
Premium,F,IF,sd,4801,0.35,1.02,1,0.6,31
Premium,F,SI1,mean,4040,0.84,5.94,5.9,3.6,608
Premium,F,SI1,min,342,0.22,3.88,3.8,2.3,608
Premium,F,SI1,max,18735,2.21,8.38,8.3,5.2,608
Premium,F,SI1,sd,3483,0.38,0.91,0.9,0.6,608
Premium,F,SI2,mean,4747,1.04,6.4,6.4,3.9,523
Premium,F,SI2,min,394,0.3,4.24,4.2,0,523
Premium,F,SI2,max,18784,2.52,8.78,8.7,5.3,523
Premium,F,SI2,sd,3822,0.43,0.9,0.9,0.6,523
Premium,F,VS1,mean,4758,0.77,5.74,5.7,3.5,290
Premium,F,VS1,min,452,0.25,4.05,4,2.5,290
Premium,F,VS1,max,18598,1.7,7.83,7.8,4.7,290
Premium,F,VS1,sd,4435,0.38,0.97,1,0.6,290
Premium,F,VS2,mean,4221,0.73,5.6,5.6,3.4,619
Premium,F,VS2,min,367,0.2,3.73,3.7,2.3,619
Premium,F,VS2,max,18791,1.75,7.87,7.8,4.8,619
Premium,F,VS2,sd,4440,0.41,1.06,1,0.7,619
Premium,F,VVS1,mean,3969,0.61,5.3,5.3,3.2,80
Premium,F,VVS1,min,740,0.25,4.1,4.1,2.5,80
Premium,F,VVS1,max,14196,1.3,7.11,7.1,4.3,80
Premium,F,VVS1,sd,4166,0.33,0.92,0.9,0.6,80
Premium,F,VVS2,mean,4099,0.66,5.47,5.4,3.3,146
Premium,F,VVS2,min,445,0.23,3.94,3.9,2.4,146
Premium,F,VVS2,max,17203,1.5,7.51,7.4,4.4,146
Premium,F,VVS2,sd,3811,0.32,0.9,0.9,0.5,146
Premium,G,I1,mean,4052,1.29,6.89,6.8,4.1,46
Premium,G,I1,min,933,0.5,5.07,5,0,46
Premium,G,I1,max,13203,3,9.42,9.3,5.6,46
Premium,G,I1,sd,2883,0.59,1.01,1,0.9,46
Premium,G,IF,mean,3311,0.56,5.16,5.2,3.1,87
Premium,G,IF,min,853,0.3,4.25,4.2,2.6,87
Premium,G,IF,max,11104,1.24,7.02,7,4.2,87
Premium,G,IF,sd,3476,0.33,0.94,0.9,0.6,87
Premium,G,SI1,mean,4303,0.88,5.99,6,3.7,566
Premium,G,SI1,min,431,0.3,4.27,4.2,2.6,566
Premium,G,SI1,max,18741,2.2,8.49,8.4,5.1,566
Premium,G,SI1,sd,3988,0.45,1.06,1,0.6,566
Premium,G,SI2,mean,5617,1.14,6.58,6.5,4,492
Premium,G,SI2,min,394,0.25,4.25,4.2,0,492
Premium,G,SI2,max,18705,3.01,9.44,9.4,5.6,492
Premium,G,SI2,sd,4674,0.52,1.05,1,0.7,492
Premium,G,VS1,mean,4436,0.75,5.64,5.6,3.5,566
Premium,G,VS1,min,382,0.26,4.07,4.1,2.5,566
Premium,G,VS1,max,18419,1.79,7.9,7.9,4.8,566
Premium,G,VS1,sd,4551,0.44,1.11,1.1,0.7,566
Premium,G,VS2,mean,4556,0.81,5.81,5.8,3.5,721
Premium,G,VS2,min,397,0.27,4.11,4.1,2.6,721
Premium,G,VS2,max,18680,2.08,8.27,8.2,5,721
Premium,G,VS2,sd,4288,0.43,1.1,1.1,0.7,721
Premium,G,VVS1,mean,2934,0.54,5.06,5,3.1,171
Premium,G,VVS1,min,531,0.23,3.95,3.9,2.4,171
Premium,G,VVS1,max,17360,1.6,7.58,7.6,4.6,171
Premium,G,VVS1,sd,3926,0.35,0.95,0.9,0.6,171
Premium,G,VVS2,mean,4324,0.69,5.5,5.5,3.4,275
Premium,G,VVS2,min,504,0.23,4.09,4,2.4,275
Premium,G,VVS2,max,18730,1.73,7.76,7.8,4.8,275
Premium,G,VVS2,sd,4517,0.41,1.09,1.1,0.7,275
Premium,H,I1,mean,3904,1.34,6.94,6.9,4.2,46
Premium,H,I1,min,452,0.43,4.78,4.8,0,46
Premium,H,I1,max,12300,3.24,9.44,9.4,5.8,46
Premium,H,I1,sd,2511,0.61,1.03,1,0.9,46
Premium,H,IF,mean,3385,0.6,5.19,5.2,3.2,40
Premium,H,IF,min,739,0.3,4.29,4.3,2.6,40
Premium,H,IF,max,13194,1.54,7.44,7.4,4.6,40
Premium,H,IF,sd,4136,0.43,1.13,1.1,0.7,40
Premium,H,SI1,mean,5708,1.08,6.45,6.4,3.9,655
Premium,H,SI1,min,421,0.3,4.24,4.2,0,655
Premium,H,SI1,max,18795,2.53,8.83,8.8,5.4,655
Premium,H,SI1,sd,4549,0.5,1.08,1.1,0.7,655
Premium,H,SI2,mean,6719,1.33,6.93,7,4.2,521
Premium,H,SI2,min,368,0.3,0,0,0,521
Premium,H,SI2,max,18745,2.75,8.99,58.9,8.1,521
Premium,H,SI2,sd,4702,0.54,1.03,2.5,0.7,521
Premium,H,VS1,mean,3949,0.78,5.69,5.7,3.5,336
Premium,H,VS1,min,382,0.23,4.05,4,2.4,336
Premium,H,VS1,max,18522,2.38,8.62,8.6,5.2,336
Premium,H,VS1,sd,3955,0.47,1.19,1.2,0.7,336
Premium,H,VS2,mean,5554,1,6.26,6.2,3.8,532
Premium,H,VS2,min,471,0.3,4.23,4.2,0,532
Premium,H,VS2,max,18443,2.29,8.45,8.4,5.2,532
Premium,H,VS2,sd,4230,0.47,1.11,1.1,0.7,532
Premium,H,VVS1,mean,1454,0.42,4.71,4.7,2.9,112
Premium,H,VVS1,min,432,0.24,3.96,4,2.4,112
Premium,H,VVS1,max,12336,1.51,7.42,7.4,4.5,112
Premium,H,VVS1,sd,1824,0.23,0.69,0.7,0.4,112
Premium,H,VVS2,mean,2651,0.58,5.14,5.1,3.2,118
Premium,H,VVS2,min,486,0.23,4.04,4,2.4,118
Premium,H,VVS2,max,14866,1.71,7.77,7.8,4.7,118
Premium,H,VVS2,sd,3526,0.41,1.07,1.1,0.6,118
Premium,I,I1,mean,5045,1.61,7.34,7.3,4.5,24
Premium,I,I1,min,1107,0.7,5.69,5.6,3.5,24
Premium,I,I1,max,16193,4.01,10.14,10.1,6.2,24
Premium,I,I1,sd,3990,0.87,1.16,1.2,0.7,24
Premium,I,IF,mean,2359,0.57,5.17,5.2,3.2,23
Premium,I,IF,min,631,0.3,4.32,4.3,2.6,23
Premium,I,IF,max,10332,1.5,7.31,7.2,4.6,23
Premium,I,IF,sd,2677,0.36,0.94,0.9,0.6,23
Premium,I,SI1,mean,6092,1.18,6.61,6.6,4,367
Premium,I,SI1,min,394,0.3,4.29,4.3,0,367
Premium,I,SI1,max,18797,2.52,8.9,8.9,5.3,367
Premium,I,SI1,sd,4821,0.56,1.2,1.2,0.8,367
Premium,I,SI2,mean,7148,1.42,7.11,7.1,4.3,312
Premium,I,SI2,min,500,0.32,4.48,4.4,2.7,312
Premium,I,SI2,max,18559,3.04,9.51,9.5,5.6,312
Premium,I,SI2,sd,4811,0.56,1.02,1,0.6,312
Premium,I,VS1,mean,5339,0.98,6.12,6.1,3.7,221
Premium,I,VS1,min,355,0.24,3.97,3.9,2.5,221
Premium,I,VS1,max,18795,2.55,8.8,8.8,5.4,221
Premium,I,VS1,sd,5028,0.59,1.37,1.4,0.8,221
Premium,I,VS2,mean,7156,1.24,6.7,6.7,4.1,315
Premium,I,VS2,min,334,0.29,4.2,4.2,2.6,315
Premium,I,VS2,max,18823,2.48,8.83,8.8,5.3,315
Premium,I,VS2,sd,5509,0.58,1.24,1.2,0.7,315
Premium,I,VVS1,mean,1831,0.52,5.03,5,3.1,84
Premium,I,VVS1,min,414,0.23,3.98,4,2.4,84
Premium,I,VVS1,max,15654,2.08,8.22,8.2,5.1,84
Premium,I,VVS1,sd,2497,0.3,0.78,0.8,0.5,84
Premium,I,VVS2,mean,3191,0.68,5.4,5.4,3.3,82
Premium,I,VVS2,min,526,0.3,4.28,4.3,2.6,82
Premium,I,VVS2,max,13127,1.72,7.62,7.7,4.8,82
Premium,I,VVS2,sd,3922,0.48,1.2,1.2,0.7,82
Premium,J,I1,mean,4577,1.58,7.28,7.2,4.4,13
Premium,J,I1,min,945,0.72,5.8,5.6,3.6,13
Premium,J,I1,max,15223,4.01,10.02,9.9,6.2,13
Premium,J,I1,sd,4051,0.92,1.21,1.2,0.8,13
Premium,J,IF,mean,7026,1.14,6.37,6.4,3.9,12
Premium,J,IF,min,533,0.32,4.41,4.4,2.7,12
Premium,J,IF,max,18594,2.29,8.49,8.5,5.2,12
Premium,J,IF,sd,6722,0.75,1.59,1.6,1,12
Premium,J,SI1,mean,5727,1.26,6.79,6.7,4.1,209
Premium,J,SI1,min,363,0.3,4.27,4.2,2.6,209
Premium,J,SI1,max,18485,2.57,8.84,8.8,5.5,209
Premium,J,SI1,sd,4308,0.56,1.11,1.1,0.7,209
Premium,J,SI2,mean,7550,1.55,7.34,7.3,4.5,161
Premium,J,SI2,min,405,0.3,4.43,4.2,2.6,161
Premium,J,SI2,max,18710,3.01,9.41,9.3,5.6,161
Premium,J,SI2,sd,4754,0.57,0.97,1,0.6,161
Premium,J,VS1,mean,5817,1.14,6.45,6.4,4,153
Premium,J,VS1,min,394,0.3,4.22,4.2,2.6,153
Premium,J,VS1,max,18706,2.41,8.66,8.6,5.3,153
Premium,J,VS1,sd,4988,0.64,1.39,1.4,0.8,153
Premium,J,VS2,mean,6176,1.25,6.7,6.7,4.1,202
Premium,J,VS2,min,368,0.3,4.28,4.3,2.6,202
Premium,J,VS2,max,18701,3.51,9.66,9.6,6,202
Premium,J,VS2,sd,5015,0.62,1.27,1.3,0.8,202
Premium,J,VVS1,mean,7244,1.22,6.63,6.6,4.1,24
Premium,J,VVS1,min,775,0.39,4.66,4.6,2.9,24
Premium,J,VVS1,max,17891,2.31,8.49,8.4,5.2,24
Premium,J,VVS1,sd,5628,0.63,1.32,1.3,0.8,24
Premium,J,VVS2,mean,6423,1.25,6.84,6.8,4.2,34
Premium,J,VVS2,min,778,0.38,4.72,4.7,2.8,34
Premium,J,VVS2,max,15214,2,8,8,5,34
Premium,J,VVS2,sd,3237,0.38,0.78,0.8,0.5,34
Very Good,D,I1,mean,2623,0.95,6.24,6.2,3.9,5
Very Good,D,I1,min,1715,0.71,5.8,5.7,3.4,5
Very Good,D,I1,max,3816,1.18,6.73,6.9,4.2,5
Very Good,D,I1,sd,768,0.17,0.34,0.4,0.3,5
Very Good,D,IF,mean,10298,0.8,5.87,5.9,3.6,23
Very Good,D,IF,min,1171,0.31,4.33,4.3,2.7,23
Very Good,D,IF,max,18542,1.14,6.83,6.9,4.1,23
Very Good,D,IF,sd,6579,0.27,0.74,0.7,0.5,23
Very Good,D,SI1,mean,3235,0.71,5.57,5.6,3.4,494
Very Good,D,SI1,min,475,0.24,3.95,4,2.5,494
Very Good,D,SI1,max,16286,1.77,7.86,8,4.8,494
Very Good,D,SI1,sd,2895,0.33,0.87,0.9,0.5,494
Very Good,D,SI2,mean,4425,0.93,6.08,6.1,3.8,314
Very Good,D,SI2,min,413,0.23,3.87,3.9,2.5,314
Very Good,D,SI2,max,18526,2.58,9.08,9,5.3,314
Very Good,D,SI2,sd,3791,0.44,1.02,1,0.6,314
Very Good,D,VS1,mean,2955,0.58,5.22,5.3,3.2,175
Very Good,D,VS1,min,357,0.23,3.9,3.9,2.4,175
Very Good,D,VS1,max,16750,1.54,7.51,7.6,4.6,175
Very Good,D,VS1,sd,3130,0.29,0.85,0.9,0.5,175
Very Good,D,VS2,mean,3145,0.63,5.35,5.4,3.3,309
Very Good,D,VS2,min,357,0.23,3.86,3.9,2.4,309
Very Good,D,VS2,max,17153,1.59,7.47,7.6,4.6,309
Very Good,D,VS2,sd,3259,0.31,0.84,0.8,0.5,309
Very Good,D,VVS1,mean,2988,0.47,4.85,4.9,3,52
Very Good,D,VVS1,min,458,0.23,3.9,3.9,2.4,52
Very Good,D,VVS1,max,17932,1.29,7.03,7.1,4.3,52
Very Good,D,VVS1,sd,4199,0.28,0.86,0.9,0.5,52
Very Good,D,VVS2,mean,2615,0.47,4.82,4.9,3,141
Very Good,D,VVS2,min,458,0.23,3.86,3.9,2.4,141
Very Good,D,VVS2,max,17545,1.45,7.25,7.3,4.5,141
Very Good,D,VVS2,sd,3517,0.28,0.87,0.9,0.5,141
Very Good,E,I1,mean,3444,1.07,6.42,6.4,4,22
Very Good,E,I1,min,511,0.39,4.61,4.7,2.9,22
Very Good,E,I1,max,10340,2.18,8.25,8.3,5.1,22
Very Good,E,I1,sd,2166,0.41,0.86,0.9,0.6,22
Very Good,E,IF,mean,4333,0.58,5.19,5.2,3.2,43
Very Good,E,IF,min,492,0.23,3.98,4,2.4,43
Very Good,E,IF,max,12895,1.15,6.78,6.9,4.2,43
Very Good,E,IF,sd,4503,0.32,0.92,0.9,0.6,43
Very Good,E,SI1,mean,3228,0.72,5.59,5.6,3.5,626
Very Good,E,SI1,min,384,0.24,4.06,4.1,2.4,626
Very Good,E,SI1,max,18731,2.02,8.14,8.2,5.1,626
Very Good,E,SI1,sd,3097,0.35,0.89,0.9,0.5,626
Very Good,E,SI2,mean,4279,0.93,6.1,6.1,3.8,445
Very Good,E,SI2,min,393,0.3,4.25,4.3,2.6,445
Very Good,E,SI2,max,18128,2.51,8.65,8.6,5.4,445
Very Good,E,SI2,sd,3858,0.43,0.92,0.9,0.6,445
Very Good,E,VS1,mean,3089,0.61,5.29,5.3,3.4,293
Very Good,E,VS1,min,357,0.23,3.88,3.9,2.4,293
Very Good,E,VS1,max,16988,1.53,7.48,7.5,31.8,293
Very Good,E,VS1,sd,3257,0.3,0.86,0.9,1.7,293
Very Good,E,VS2,mean,3329,0.66,5.43,5.5,3.4,503
Very Good,E,VS2,min,352,0.2,3.74,3.7,2.2,503
Very Good,E,VS2,max,18557,1.72,7.91,7.9,4.8,503
Very Good,E,VS2,sd,3451,0.33,0.9,0.9,0.6,503
Very Good,E,VVS1,mean,1997,0.4,4.58,4.6,2.8,170
Very Good,E,VVS1,min,465,0.23,3.88,3.9,2.4,170
Very Good,E,VVS1,max,15878,1.23,6.9,7,4.2,170
Very Good,E,VVS1,sd,3011,0.25,0.79,0.8,0.5,170
Very Good,E,VVS2,mean,2042,0.43,4.67,4.7,2.9,298
Very Good,E,VVS2,min,458,0.23,3.85,3.9,2.4,298
Very Good,E,VVS2,max,17689,1.51,7.34,7.4,4.4,298
Very Good,E,VVS2,sd,2882,0.26,0.84,0.8,0.5,298
Very Good,F,I1,mean,4253,1.21,6.72,6.7,4.1,13
Very Good,F,I1,min,1188,0.5,5.03,5,3.2,13
Very Good,F,I1,max,9789,2.06,8.31,8.3,4.9,13
Very Good,F,I1,sd,2572,0.47,0.96,1,0.5,13
Very Good,F,IF,mean,4677,0.61,5.23,5.3,3.2,67
Very Good,F,IF,min,485,0.23,3.95,4,2.4,67
Very Good,F,IF,max,18552,1.5,7.32,7.4,4.6,67
Very Good,F,IF,sd,5230,0.38,1.06,1.1,0.7,67
Very Good,F,SI1,mean,3574,0.8,5.8,5.8,3.6,559
Very Good,F,SI1,min,370,0.24,4.02,4,2.5,559
Very Good,F,SI1,max,18759,2.02,8.28,8.3,5.1,559
Very Good,F,SI1,sd,3158,0.35,0.84,0.8,0.5,559
Very Good,F,SI2,mean,4250,0.95,6.16,6.2,3.8,343
Very Good,F,SI2,min,394,0.3,4.2,4.2,2.6,343
Very Good,F,SI2,max,18692,2.48,8.64,8.6,5.4,343
Very Good,F,SI2,sd,3796,0.41,0.89,0.9,0.5,343
Very Good,F,VS1,mean,3881,0.69,5.48,5.5,3.4,293
Very Good,F,VS1,min,357,0.23,3.89,3.9,2.4,293
Very Good,F,VS1,max,17685,1.71,7.61,7.7,4.7,293
Very Good,F,VS1,sd,4032,0.37,0.98,1,0.6,293
Very Good,F,VS2,mean,3996,0.74,5.63,5.7,3.5,466
Very Good,F,VS2,min,381,0.23,3.84,3.9,2.4,466
Very Good,F,VS2,max,18430,1.79,7.88,7.8,4.9,466
Very Good,F,VS2,sd,3790,0.36,0.94,0.9,0.6,466
Very Good,F,VVS1,mean,2827,0.49,4.89,4.9,3,174
Very Good,F,VVS1,min,465,0.23,3.89,3.9,2.4,174
Very Good,F,VVS1,max,18777,1.51,7.36,7.4,4.6,174
Very Good,F,VVS1,sd,3808,0.31,0.92,0.9,0.6,174
Very Good,F,VVS2,mean,3462,0.57,5.1,5.1,3.2,249
Very Good,F,VVS2,min,465,0.23,3.89,3.9,2.4,249
Very Good,F,VVS2,max,17317,1.53,7.58,7.6,4.7,249
Very Good,F,VVS2,sd,4177,0.36,1.04,1,0.6,249
Very Good,G,I1,mean,3195,1.12,6.55,6.5,4,16
Very Good,G,I1,min,929,0.57,5.42,5.5,3.2,16
Very Good,G,I1,max,7834,2.23,8.24,8.2,5.2,16
Very Good,G,I1,sd,2053,0.46,0.8,0.8,0.5,16
Very Good,G,IF,mean,3525,0.6,5.25,5.3,3.2,79
Very Good,G,IF,min,566,0.27,4.2,4.2,2.6,79
Very Good,G,IF,max,15444,1.54,7.55,7.6,4.5,79
Very Good,G,IF,sd,3529,0.33,0.95,1,0.6,79
Very Good,G,SI1,mean,3482,0.79,5.73,5.8,3.6,474
Very Good,G,SI1,min,382,0.28,4.2,4.2,2.6,474
Very Good,G,SI1,max,18818,2.05,8.16,8.2,5.1,474
Very Good,G,SI1,sd,3597,0.4,0.94,0.9,0.6,474
Very Good,G,SI2,mean,4699,1.03,6.31,6.3,3.9,327
Very Good,G,SI2,min,388,0.3,4.28,4.2,2.6,327
Very Good,G,SI2,max,18005,2.52,8.65,8.6,5.4,327
Very Good,G,SI2,sd,3865,0.45,0.95,1,0.6,327
Very Good,G,VS1,mean,3770,0.7,5.5,5.5,3.4,432
Very Good,G,VS1,min,391,0.23,3.93,4,2.5,432
Very Good,G,VS1,max,18014,1.76,7.76,7.9,4.8,432
Very Good,G,VS1,sd,3987,0.39,1.02,1,0.6,432
Very Good,G,VS2,mean,4427,0.81,5.79,5.8,3.6,479
Very Good,G,VS2,min,369,0.23,3.91,3.9,2.5,479
Very Good,G,VS2,max,18691,1.83,7.89,8,4.8,479
Very Good,G,VS2,sd,3964,0.39,0.99,1,0.6,479
Very Good,G,VVS1,mean,2719,0.52,4.99,5,3.1,190
Very Good,G,VVS1,min,414,0.23,3.92,4,2.4,190
Very Good,G,VVS1,max,15334,1.56,7.48,7.6,5.1,190
Very Good,G,VVS1,sd,3489,0.33,0.93,0.9,0.6,190
Very Good,G,VVS2,mean,3712,0.65,5.35,5.4,3.3,302
Very Good,G,VVS2,min,354,0.23,3.88,3.9,2.4,302
Very Good,G,VVS2,max,18211,1.76,7.81,7.9,4.8,302
Very Good,G,VVS2,sd,4014,0.38,1.01,1,0.6,302
Very Good,H,I1,mean,5259,1.65,7.46,7.4,4.6,12
Very Good,H,I1,min,2850,1.01,6.39,6.3,4,12
Very Good,H,I1,max,11119,3,9.23,9.1,5.8,12
Very Good,H,I1,sd,2481,0.61,0.9,0.9,0.6,12
Very Good,H,IF,mean,2648,0.56,5.11,5.1,3.2,29
Very Good,H,IF,min,369,0.23,3.89,3.9,2.5,29
Very Good,H,IF,max,13369,1.53,7.34,7.3,4.6,29
Very Good,H,IF,sd,3385,0.35,0.94,0.9,0.6,29
Very Good,H,SI1,mean,4934,0.97,6.15,6.2,3.8,547
Very Good,H,SI1,min,337,0.26,4.07,4.1,2.5,547
Very Good,H,SI1,max,18803,2.48,8.6,8.6,5.4,547
Very Good,H,SI1,sd,4393,0.47,1.07,1.1,0.7,547
Very Good,H,SI2,mean,6112,1.23,6.71,6.7,4.2,343
Very Good,H,SI2,min,393,0.29,4.26,4.2,2.6,343
Very Good,H,SI2,max,18508,2.74,8.88,8.8,5.6,343
Very Good,H,SI2,sd,4477,0.52,0.97,1,0.6,343
Very Good,H,VS1,mean,3750,0.77,5.68,5.7,3.5,257
Very Good,H,VS1,min,338,0.23,3.94,4,2.4,257
Very Good,H,VS1,max,15930,2.01,8.04,8,5.1,257
Very Good,H,VS1,sd,3415,0.4,1.02,1,0.6,257
Very Good,H,VS2,mean,4620,0.89,5.95,6,3.7,376
Very Good,H,VS2,min,376,0.28,0,0,0,376
Very Good,H,VS2,max,18561,2.2,8.25,8.2,5.2,376
Very Good,H,VS2,sd,4035,0.45,1.11,1.1,0.7,376
Very Good,H,VVS1,mean,2042,0.5,4.94,5,3.1,115
Very Good,H,VVS1,min,434,0.23,3.94,4,2.4,115
Very Good,H,VVS1,max,13211,1.63,7.68,7.8,4.6,115
Very Good,H,VVS1,sd,2569,0.3,0.84,0.8,0.5,115
Very Good,H,VVS2,mean,2768,0.59,5.15,5.2,3.2,145
Very Good,H,VVS2,min,378,0.23,3.91,3.9,2.4,145
Very Good,H,VVS2,max,17267,1.86,8.07,8.1,4.8,145
Very Good,H,VVS2,sd,3669,0.41,1.09,1.1,0.7,145
Very Good,I,I1,mean,6045,1.77,7.45,7.5,4.6,8
Very Good,I,I1,min,1235,0.7,5.62,5.6,3.5,8
Very Good,I,I1,max,15984,4,10.01,9.9,6.3,8
Very Good,I,I1,sd,4941,1.1,1.46,1.4,0.9,8
Very Good,I,IF,mean,4094,0.76,5.64,5.7,3.5,19
Very Good,I,IF,min,673,0.3,4.26,4.2,2.7,19
Very Good,I,IF,max,12291,1.51,7.32,7.4,4.6,19
Very Good,I,IF,sd,4230,0.47,1.15,1.2,0.7,19
Very Good,I,SI1,mean,5195,1.07,6.33,6.4,3.9,358
Very Good,I,SI1,min,382,0.26,4.2,4.2,2.5,358
Very Good,I,SI1,max,18371,2.33,8.55,8.6,5.4,358
Very Good,I,SI1,sd,4460,0.51,1.1,1.1,0.7,358
Very Good,I,SI2,mean,6622,1.33,6.88,6.9,4.3,200
Very Good,I,SI2,min,383,0.3,4.3,4.3,2.7,200
Very Good,I,SI2,max,18090,3.04,9.14,9.1,5.8,200
Very Good,I,SI2,sd,4739,0.56,1.02,1,0.6,200
Very Good,I,VS1,mean,5277,0.99,6.15,6.2,3.8,205
Very Good,I,VS1,min,397,0.24,3.98,4,2.5,205
Very Good,I,VS1,max,18500,2.09,8.24,8.2,5.1,205
Very Good,I,VS1,sd,4731,0.51,1.17,1.2,0.7,205
Very Good,I,VS2,mean,5755,1.07,6.34,6.4,3.9,274
Very Good,I,VS2,min,379,0.28,4.16,4.2,2.6,274
Very Good,I,VS2,max,18281,2.16,8.48,8.6,5.1,274
Very Good,I,VS2,sd,5065,0.53,1.14,1.1,0.7,274
Very Good,I,VVS1,mean,2056,0.57,5.17,5.2,3.2,69
Very Good,I,VVS1,min,336,0.24,3.95,4,2.5,69
Very Good,I,VVS1,max,11512,1.6,7.6,7.7,4.6,69
Very Good,I,VVS1,sd,2310,0.29,0.78,0.8,0.5,69
Very Good,I,VVS2,mean,3060,0.7,5.48,5.5,3.4,71
Very Good,I,VVS2,min,427,0.25,4.03,4,2.5,71
Very Good,I,VVS2,max,15952,2.01,7.92,7.8,5,71
Very Good,I,VVS2,sd,3607,0.43,1.05,1.1,0.7,71
Very Good,J,I1,mean,4478,1.46,7.18,7.2,4.4,8
Very Good,J,I1,min,2048,0.91,6.12,6.1,3.8,8
Very Good,J,I1,max,10437,2.63,8.76,8.8,5.5,8
Very Good,J,I1,sd,2693,0.54,0.8,0.8,0.5,8
Very Good,J,IF,mean,1074,0.46,4.9,4.9,3,8
Very Good,J,IF,min,529,0.33,4.47,4.5,2.7,8
Very Good,J,IF,max,2277,0.74,5.82,5.9,3.5,8
Very Good,J,IF,sd,582,0.13,0.46,0.5,0.2,8
Very Good,J,SI1,mean,5027,1.14,6.48,6.5,4,182
Very Good,J,SI1,min,351,0.3,4.21,4.2,2.6,182
Very Good,J,SI1,max,17472,2.51,8.58,8.7,5.5,182
Very Good,J,SI1,sd,4097,0.55,1.1,1.1,0.7,182
Very Good,J,SI2,mean,5993,1.36,6.95,7,4.3,128
Very Good,J,SI2,min,430,0.31,4.35,4.3,2.8,128
Very Good,J,SI2,max,17164,2.74,8.87,8.9,5.5,128
Very Good,J,SI2,sd,3828,0.52,0.93,0.9,0.6,128
Very Good,J,VS1,mean,4340,0.96,6.09,6.1,3.8,120
Very Good,J,VS1,min,394,0.3,4.24,4.2,2.6,120
Very Good,J,VS1,max,17920,2.39,8.71,8.8,5.2,120
Very Good,J,VS1,sd,3869,0.52,1.19,1.2,0.7,120
Very Good,J,VS2,mean,5326,1.14,6.48,6.5,4,184
Very Good,J,VS2,min,357,0.3,4.26,4.2,2.6,184
Very Good,J,VS2,max,18430,2.44,8.89,8.9,5.3,184
Very Good,J,VS2,sd,4505,0.57,1.14,1.1,0.7,184
Very Good,J,VVS1,mean,3176,0.77,5.66,5.7,3.5,19
Very Good,J,VVS1,min,544,0.32,4.42,4.5,2.7,19
Very Good,J,VVS1,max,10808,1.7,7.56,7.6,4.8,19
Very Good,J,VVS1,sd,3213,0.43,0.98,1,0.7,19
Very Good,J,VVS2,mean,5960,1.1,6.34,6.4,4,29
Very Good,J,VVS2,min,336,0.24,3.94,4,2.5,29
Very Good,J,VVS2,max,16043,2.03,7.97,8,5,29
Very Good,J,VVS2,sd,4386,0.54,1.22,1.2,0.8,29
